InputSize,InsertionSort,MergeSort,Quicksort,ImprovedQuicksort,RandomizedQuicksort,DefaultSort
10,0.0000003,0.0000021,0.0000004,0.0000003,0.0000003,0.0000006
100,0.0000054,0.0000080,0.0000041,0.0000043,0.0000050,0.0000043
1000,0.0004169,0.0000906,0.0000538,0.0000563,0.0000611,0.0000633
10000,0.0352611,0.0011603,0.0007176,0.0007417,0.0007617,0.0007714
100000,3.4665971,0.0138193,0.0086569,0.0086615,0.0097103,0.0098546
